code,city,airlines,seasonal,fly_days
ATL,Atlanta GA,DL,no,
AUS,Austin TX,G4,yes,
BOS,Boston MA,G4,yes,
BUR,Burbank CA,G4,yes,
BNA,Nashville TN,G4,no,
CLT,Charlotte NC,AA,no,
DCA,Washington DC,AA,no,
DEN,Denver CO,UA|WN|F9,no,
DFW,Dallas TX,AA,no,
DTW,Detroit MI,DL,no,
EWR,Newark NJ,G4,yes,
FLL,Fort Lauderdale FL,G4,yes,
HOU,Houston Hobby TX,WN,no,
IAH,Houston Intercontinental TX,UA,no,
JAX,Jacksonville FL,G4,yes,
LAS,Las Vegas NV,G4|WN,no,
LAX,Los Angeles CA,AA,no,
LGA,New York LaGuardia NY,AA|DL,no,
MCO,Orlando International FL,WN,yes,
MDW,Chicago Midway IL,WN,no,
MIA,Miami FL,G4,yes,
MSP,Minneapolis MN,DL,no,
ORD,Chicago O'Hare IL,AA|UA,no,
PDX,Portland OR,G4,yes,
PGD,Punta Gorda FL,G4,yes,
PHL,Philadelphia PA,AA|G4,no,
PHX,Phoenix Sky Harbor AZ,AA|WN|F9,no,
AZA,Phoenix-Mesa AZ,G4,no,
PIE,St. Petersburg FL,G4,no,
RSW,Fort Myers FL,G4,yes,
SFB,Orlando-Sanford FL,G4,no,
SNA,Orange County CA,G4,yes,
SRQ,Sarasota FL,G4,yes,
VPS,Destin FL,G4,yes,
GUF,Gulf Shores AL,G4,yes,
